label,ledger,ms
instant blocks,plain,8.206
instant blocks,plain,7.192
instant blocks,plain,8.105
instant blocks,plain,8.949
instant blocks,plain,9.279
instant blocks,plain,8.353
instant blocks,plain,8.321
instant blocks,plain,9.317
instant blocks,plain,7.376
instant blocks,plain,8.251
instant blocks,plain,7.929
instant blocks,plain,7.753
instant blocks,plain,8.196
instant blocks,plain,8.67
instant blocks,plain,9.566
instant blocks,plain,9.782
instant blocks,plain,7.566
instant blocks,plain,7.728
instant blocks,plain,7.363
instant blocks,plain,8.611
instant blocks,plain,6.923
instant blocks,plain,7.078
instant blocks,plain,7.549
instant blocks,plain,12.021
instant blocks,plain,8.48
instant blocks,plain,9.997
instant blocks,plain,8.062
instant blocks,plain,7.733
instant blocks,plain,7.29
instant blocks,plain,8.077
instant blocks,plain,8.005
instant blocks,plain,7.468
instant blocks,plain,8.243
instant blocks,plain,8.697
instant blocks,plain,7.133
instant blocks,plain,15.739
instant blocks,plain,7.966
instant blocks,plain,7.53
instant blocks,plain,8.573
instant blocks,plain,7.228
instant blocks,plain,7.634
instant blocks,plain,7.286
instant blocks,plain,9.408
instant blocks,plain,7.538
instant blocks,plain,13.292
instant blocks,plain,26.469
instant blocks,plain,9.353
instant blocks,plain,9.227
instant blocks,plain,10.078
instant blocks,plain,9.286
instant blocks,plain,9.958
instant blocks,plain,9.295
instant blocks,plain,7.376
instant blocks,plain,6.966
instant blocks,plain,8.732
instant blocks,plain,9.06
instant blocks,plain,8.134
instant blocks,plain,7.833
instant blocks,plain,7.764
instant blocks,plain,7.263
instant blocks,plain,7.374
instant blocks,plain,7.323
instant blocks,plain,9.849
instant blocks,plain,7.35
instant blocks,plain,6.838
instant blocks,plain,7.473
instant blocks,plain,7.395
instant blocks,plain,7.127
instant blocks,plain,8.931
instant blocks,plain,7.977
instant blocks,plain,7.657
instant blocks,plain,7.147
instant blocks,plain,7.331
instant blocks,plain,7.681
instant blocks,plain,7.941
instant blocks,plain,7.363
instant blocks,plain,8.024
instant blocks,plain,7.202
instant blocks,plain,7.922
instant blocks,plain,9.284
instant blocks,plain,7.666
instant blocks,plain,6.994
instant blocks,plain,6.979
instant blocks,plain,7.347
instant blocks,plain,6.824
instant blocks,plain,7.609
instant blocks,plain,7.139
instant blocks,plain,8.013
instant blocks,plain,19.32
instant blocks,plain,8.716
instant blocks,plain,7.927
instant blocks,plain,7.945
instant blocks,plain,8.636
instant blocks,plain,7.575
instant blocks,plain,16.401
instant blocks,plain,7.643
instant blocks,plain,7.201
instant blocks,plain,7.666
instant blocks,plain,7.699
instant blocks,plain,7.886
instant blocks,plain,7.896
instant blocks,plain,6.875
instant blocks,plain,7.362
instant blocks,plain,6.808
instant blocks,plain,8.417
instant blocks,plain,7.035
instant blocks,plain,7.603
instant blocks,plain,7.272
instant blocks,plain,9.105
instant blocks,plain,7.785
instant blocks,plain,7.225
instant blocks,plain,7.697
instant blocks,plain,7.068
instant blocks,plain,7.093
instant blocks,plain,7.445
instant blocks,plain,7.187
instant blocks,plain,7.283
instant blocks,plain,8.525
instant blocks,plain,8.996
instant blocks,plain,8.05
instant blocks,plain,7.332
instant blocks,plain,7.62
instant blocks,plain,7.854
instant blocks,plain,7.292
instant blocks,plain,7.472
instant blocks,plain,8.215
instant blocks,plain,7.605
instant blocks,plain,8.064
instant blocks,plain,7.296
instant blocks,plain,7.094
instant blocks,plain,7.457
instant blocks,plain,7.77
instant blocks,plain,7.592
instant blocks,plain,7.608
instant blocks,plain,7.218
instant blocks,plain,7.403
instant blocks,plain,7.294
instant blocks,plain,7.716
instant blocks,plain,7.406
instant blocks,plain,8.08
instant blocks,plain,7.083
instant blocks,plain,9.272
instant blocks,plain,8.122
instant blocks,plain,9.615
instant blocks,plain,7.186
instant blocks,plain,7.03
instant blocks,plain,6.73
instant blocks,plain,7.159
instant blocks,plain,7.388
instant blocks,plain,6.939
instant blocks,plain,6.956
instant blocks,plain,7.751
instant blocks,plain,7.21
instant blocks,plain,7.911
instant blocks,plain,7.033
instant blocks,plain,9.472
instant blocks,plain,7.014
instant blocks,plain,7.423
instant blocks,plain,7.455
instant blocks,plain,7.665
instant blocks,plain,7.102
instant blocks,plain,7.043
instant blocks,plain,7.303
instant blocks,plain,7.31
instant blocks,plain,7.029
instant blocks,plain,7.864
instant blocks,plain,7.237
instant blocks,plain,7.152
instant blocks,plain,7.223
instant blocks,plain,7.243
instant blocks,plain,8.027
instant blocks,plain,6.682
instant blocks,plain,7.119
instant blocks,plain,7.404
instant blocks,plain,7.415
instant blocks,plain,7.124
instant blocks,plain,7.139
instant blocks,plain,8.07
instant blocks,plain,7.297
instant blocks,plain,7.249
instant blocks,plain,7.476
instant blocks,plain,7.202
instant blocks,plain,6.775
instant blocks,plain,7.28
instant blocks,plain,6.991
instant blocks,plain,7.137
instant blocks,plain,7.462
instant blocks,plain,7.056
instant blocks,plain,7.326
instant blocks,plain,7.138
instant blocks,plain,7.281
instant blocks,plain,7.021
instant blocks,plain,7.298
instant blocks,plain,7.117
instant blocks,plain,7.442
instant blocks,plain,7.02
instant blocks,plain,7.394
instant blocks,plain,7.348
instant blocks,plain,7.281
instant blocks,plain,7.411
instant blocks,plain,13.366
instant blocks,plain,8.259
instant blocks,plain,7.15
instant blocks,plain,7.302
instant blocks,plain,7.084
instant blocks,plain,7.112
instant blocks,plain,7.532
instant blocks,plain,6.559
instant blocks,plain,6.896
instant blocks,plain,6.968
instant blocks,plain,6.967
instant blocks,plain,6.881
instant blocks,plain,6.84
instant blocks,plain,7.447
instant blocks,plain,7.554
instant blocks,plain,7.382
instant blocks,plain,6.933
instant blocks,plain,7.109
instant blocks,plain,7.01
instant blocks,plain,7.367
instant blocks,plain,7.39
instant blocks,plain,11.246
instant blocks,plain,7.334
instant blocks,plain,6.981
instant blocks,plain,7.309
instant blocks,plain,7.32
instant blocks,plain,8.016
instant blocks,plain,7.368
instant blocks,plain,7.28
instant blocks,plain,7.278
instant blocks,plain,7.265
instant blocks,plain,6.984
instant blocks,plain,7.098
instant blocks,plain,7.322
instant blocks,plain,7.537
instant blocks,plain,6.994
instant blocks,plain,7.008
instant blocks,plain,7.304
instant blocks,plain,7.997
instant blocks,plain,7.098
instant blocks,plain,6.967
instant blocks,plain,7.14
instant blocks,plain,7.033
instant blocks,plain,7.297
instant blocks,plain,8.307
instant blocks,plain,6.87
instant blocks,plain,7.372
instant blocks,plain,6.989
instant blocks,plain,7.347
instant blocks,plain,7.036
instant blocks,plain,8.595
instant blocks,plain,6.96
instant blocks,plain,6.701
instant blocks,plain,7.092
instant blocks,plain,7.375
instant blocks,plain,7.243
instant blocks,plain,7.105
instant blocks,plain,6.869
instant blocks,plain,27.504
instant blocks,plain,7.234
instant blocks,plain,10.88
instant blocks,plain,6.985
instant blocks,plain,8.348
instant blocks,plain,6.753
instant blocks,plain,7.341
instant blocks,plain,6.626
instant blocks,plain,6.789
instant blocks,plain,6.876
instant blocks,plain,7.287
instant blocks,plain,6.962
instant blocks,plain,6.938
instant blocks,plain,7.22
instant blocks,plain,7.038
instant blocks,plain,7.164
instant blocks,plain,7.485
instant blocks,plain,6.999
instant blocks,plain,7.039
instant blocks,plain,7.318
instant blocks,plain,7.187
instant blocks,plain,7.656
instant blocks,plain,6.901
instant blocks,plain,6.661
instant blocks,plain,7.54
instant blocks,plain,7.319
instant blocks,plain,7.375
instant blocks,plain,7.388
instant blocks,plain,7.834
instant blocks,plain,7.228
instant blocks,plain,8.847
instant blocks,plain,8.871
instant blocks,plain,13.571
instant blocks,plain,12.133
instant blocks,plain,10.105
instant blocks,plain,8.233
instant blocks,plain,7.458
instant blocks,plain,7.0
instant blocks,plain,8.418
instant blocks,plain,8.322
instant blocks,plain,7.685
instant blocks,plain,7.898
instant blocks,chained,9.815
instant blocks,chained,14.794
instant blocks,chained,9.319
instant blocks,chained,7.982
instant blocks,chained,7.681
instant blocks,chained,8.356
instant blocks,chained,7.721
instant blocks,chained,7.715
instant blocks,chained,7.691
instant blocks,chained,7.723
instant blocks,chained,8.602
instant blocks,chained,8.973
instant blocks,chained,8.097
instant blocks,chained,8.163
instant blocks,chained,10.889
instant blocks,chained,12.577
instant blocks,chained,10.183
instant blocks,chained,11.153
instant blocks,chained,8.934
instant blocks,chained,10.106
instant blocks,chained,12.886
instant blocks,chained,10.281
instant blocks,chained,9.621
instant blocks,chained,7.719
instant blocks,chained,8.388
instant blocks,chained,10.303
instant blocks,chained,9.399
instant blocks,chained,8.758
instant blocks,chained,8.244
instant blocks,chained,10.666
instant blocks,chained,9.67
instant blocks,chained,8.643
instant blocks,chained,8.696
instant blocks,chained,9.298
instant blocks,chained,9.714
instant blocks,chained,8.665
instant blocks,chained,8.621
instant blocks,chained,14.121
instant blocks,chained,11.581
instant blocks,chained,16.885
instant blocks,chained,8.233
instant blocks,chained,10.473
instant blocks,chained,8.337
instant blocks,chained,8.108
instant blocks,chained,8.964
instant blocks,chained,8.585
instant blocks,chained,8.562
instant blocks,chained,8.793
instant blocks,chained,8.443
instant blocks,chained,11.442
instant blocks,chained,8.431
instant blocks,chained,8.189
instant blocks,chained,9.017
instant blocks,chained,8.194
instant blocks,chained,14.278
instant blocks,chained,8.712
instant blocks,chained,7.674
instant blocks,chained,10.814
instant blocks,chained,9.749
instant blocks,chained,9.51
instant blocks,chained,8.292
instant blocks,chained,8.747
instant blocks,chained,8.835
instant blocks,chained,7.564
instant blocks,chained,8.265
instant blocks,chained,7.991
instant blocks,chained,8.099
instant blocks,chained,7.002
instant blocks,chained,9.205
instant blocks,chained,7.68
instant blocks,chained,9.059
instant blocks,chained,8.615
instant blocks,chained,8.811
instant blocks,chained,8.511
instant blocks,chained,7.237
instant blocks,chained,9.104
instant blocks,chained,7.321
instant blocks,chained,8.933
instant blocks,chained,7.505
instant blocks,chained,8.081
instant blocks,chained,7.267
instant blocks,chained,9.37
instant blocks,chained,10.021
instant blocks,chained,11.023
instant blocks,chained,8.662
instant blocks,chained,10.008
instant blocks,chained,11.161
instant blocks,chained,11.906
instant blocks,chained,10.846
instant blocks,chained,9.002
instant blocks,chained,10.89
instant blocks,chained,10.606
instant blocks,chained,8.963
instant blocks,chained,8.054
instant blocks,chained,7.804
instant blocks,chained,8.627
instant blocks,chained,7.838
instant blocks,chained,8.227
instant blocks,chained,7.576
instant blocks,chained,7.568
instant blocks,chained,7.67
instant blocks,chained,8.225
instant blocks,chained,8.348
instant blocks,chained,9.499
instant blocks,chained,8.17
instant blocks,chained,7.867
instant blocks,chained,7.734
instant blocks,chained,9.312
instant blocks,chained,9.378
instant blocks,chained,7.984
instant blocks,chained,8.099
instant blocks,chained,11.154
instant blocks,chained,9.963
instant blocks,chained,8.136
instant blocks,chained,8.035
instant blocks,chained,7.9
instant blocks,chained,8.96
instant blocks,chained,8.816
instant blocks,chained,10.633
instant blocks,chained,9.334
instant blocks,chained,8.359
instant blocks,chained,7.446
instant blocks,chained,13.042
instant blocks,chained,8.208
instant blocks,chained,9.441
instant blocks,chained,11.633
instant blocks,chained,11.671
instant blocks,chained,10.977
instant blocks,chained,9.8
instant blocks,chained,12.071
instant blocks,chained,9.251
instant blocks,chained,8.881
instant blocks,chained,9.458
instant blocks,chained,9.634
instant blocks,chained,10.809
instant blocks,chained,10.144
instant blocks,chained,10.323
instant blocks,chained,8.942
instant blocks,chained,9.104
instant blocks,chained,11.635
instant blocks,chained,10.029
instant blocks,chained,9.955
instant blocks,chained,10.467
instant blocks,chained,9.924
instant blocks,chained,92.481
instant blocks,chained,11.309
instant blocks,chained,10.701
instant blocks,chained,9.495
instant blocks,chained,8.407
instant blocks,chained,7.157
instant blocks,chained,8.719
instant blocks,chained,10.631
instant blocks,chained,8.005
instant blocks,chained,8.077
instant blocks,chained,7.052
instant blocks,chained,8.946
instant blocks,chained,8.451
instant blocks,chained,10.034
instant blocks,chained,10.551
instant blocks,chained,9.865
instant blocks,chained,7.344
instant blocks,chained,10.162
instant blocks,chained,8.245
instant blocks,chained,6.942
instant blocks,chained,8.929
instant blocks,chained,8.95
instant blocks,chained,9.439
instant blocks,chained,10.337
instant blocks,chained,9.332
instant blocks,chained,7.132
instant blocks,chained,6.967
instant blocks,chained,7.397
instant blocks,chained,8.582
instant blocks,chained,14.007
instant blocks,chained,8.992
instant blocks,chained,7.34
instant blocks,chained,7.398
instant blocks,chained,7.525
instant blocks,chained,7.701
instant blocks,chained,7.808
instant blocks,chained,7.395
instant blocks,chained,7.789
instant blocks,chained,7.53
instant blocks,chained,7.44
instant blocks,chained,8.716
instant blocks,chained,7.758
instant blocks,chained,7.466
instant blocks,chained,7.783
instant blocks,chained,8.808
instant blocks,chained,7.983
instant blocks,chained,7.914
instant blocks,chained,8.145
instant blocks,chained,7.393
instant blocks,chained,7.836
instant blocks,chained,8.72
instant blocks,chained,7.714
instant blocks,chained,7.602
instant blocks,chained,7.792
instant blocks,chained,7.052
instant blocks,chained,8.043
instant blocks,chained,7.305
instant blocks,chained,7.604
instant blocks,chained,7.926
instant blocks,chained,8.774
instant blocks,chained,7.687
instant blocks,chained,7.724
instant blocks,chained,7.457
instant blocks,chained,7.592
instant blocks,chained,7.557
instant blocks,chained,7.766
instant blocks,chained,7.835
instant blocks,chained,7.99
instant blocks,chained,7.557
instant blocks,chained,8.231
instant blocks,chained,8.072
instant blocks,chained,7.59
instant blocks,chained,7.515
instant blocks,chained,7.639
instant blocks,chained,7.421
instant blocks,chained,8.111
instant blocks,chained,7.769
instant blocks,chained,7.377
instant blocks,chained,7.391
instant blocks,chained,8.3
instant blocks,chained,7.007
instant blocks,chained,6.999
instant blocks,chained,7.731
instant blocks,chained,7.041
instant blocks,chained,7.273
instant blocks,chained,7.335
instant blocks,chained,7.456
instant blocks,chained,7.322
instant blocks,chained,7.424
instant blocks,chained,8.076
instant blocks,chained,7.468
instant blocks,chained,7.501
instant blocks,chained,7.027
instant blocks,chained,7.492
instant blocks,chained,7.856
instant blocks,chained,7.338
instant blocks,chained,7.379
instant blocks,chained,8.182
instant blocks,chained,8.199
instant blocks,chained,7.924
instant blocks,chained,7.646
instant blocks,chained,7.311
instant blocks,chained,13.037
instant blocks,chained,7.877
instant blocks,chained,7.58
instant blocks,chained,7.619
instant blocks,chained,7.317
instant blocks,chained,7.083
instant blocks,chained,7.677
instant blocks,chained,6.98
instant blocks,chained,7.732
instant blocks,chained,10.866
instant blocks,chained,7.816
instant blocks,chained,7.265
instant blocks,chained,7.661
instant blocks,chained,7.938
instant blocks,chained,7.797
instant blocks,chained,8.341
instant blocks,chained,7.751
instant blocks,chained,8.289
instant blocks,chained,7.853
instant blocks,chained,8.236
instant blocks,chained,10.187
instant blocks,chained,8.293
instant blocks,chained,8.376
instant blocks,chained,9.059
instant blocks,chained,8.967
instant blocks,chained,12.109
instant blocks,chained,9.72
instant blocks,chained,8.821
instant blocks,chained,9.177
instant blocks,chained,7.776
instant blocks,chained,9.905
instant blocks,chained,8.097
instant blocks,chained,7.504
instant blocks,chained,8.263
instant blocks,chained,7.632
instant blocks,chained,7.603
instant blocks,chained,7.479
instant blocks,chained,7.35
instant blocks,chained,7.025
instant blocks,chained,7.333
instant blocks,chained,7.497
instant blocks,chained,7.74
instant blocks,chained,7.051
instant blocks,chained,8.67
instant blocks,chained,8.046
instant blocks,chained,7.913
instant blocks,chained,7.368
instant blocks,chained,8.419
instant blocks,chained,8.084
instant blocks,chained,12.569
instant blocks,chained,26.021
instant blocks,chained,9.64
instant blocks,chained,7.455
instant blocks,chained,10.225
instant blocks,contract,17.339
instant blocks,contract,17.001
instant blocks,contract,22.166
instant blocks,contract,20.768
instant blocks,contract,19.301
instant blocks,contract,17.144
instant blocks,contract,18.028
instant blocks,contract,23.014
instant blocks,contract,26.272
instant blocks,contract,25.969
instant blocks,contract,31.847
instant blocks,contract,21.635
instant blocks,contract,21.998
instant blocks,contract,22.28
instant blocks,contract,18.642
instant blocks,contract,21.569
instant blocks,contract,16.767
instant blocks,contract,21.219
instant blocks,contract,18.78
instant blocks,contract,18.569
instant blocks,contract,16.871
instant blocks,contract,18.653
instant blocks,contract,15.769
instant blocks,contract,16.025
instant blocks,contract,17.156
instant blocks,contract,16.226
instant blocks,contract,16.411
instant blocks,contract,18.989
instant blocks,contract,18.51
instant blocks,contract,16.283
instant blocks,contract,17.782
instant blocks,contract,17.647
instant blocks,contract,17.693
instant blocks,contract,18.467
instant blocks,contract,16.496
instant blocks,contract,15.801
instant blocks,contract,20.65
instant blocks,contract,23.838
instant blocks,contract,24.341
instant blocks,contract,17.695
instant blocks,contract,18.374
instant blocks,contract,16.029
instant blocks,contract,16.016
instant blocks,contract,16.623
instant blocks,contract,16.069
instant blocks,contract,16.003
instant blocks,contract,15.938
instant blocks,contract,16.073
instant blocks,contract,15.655
instant blocks,contract,17.667
instant blocks,contract,15.727
instant blocks,contract,16.169
instant blocks,contract,16.4
instant blocks,contract,16.614
instant blocks,contract,15.694
instant blocks,contract,16.194
instant blocks,contract,16.013
instant blocks,contract,15.779
instant blocks,contract,16.976
instant blocks,contract,15.5
instant blocks,contract,16.158
instant blocks,contract,17.983
instant blocks,contract,19.24
instant blocks,contract,15.97
instant blocks,contract,15.79
instant blocks,contract,15.759
instant blocks,contract,16.056
instant blocks,contract,15.946
instant blocks,contract,15.733
instant blocks,contract,16.524
instant blocks,contract,17.421
instant blocks,contract,16.516
instant blocks,contract,22.169
instant blocks,contract,18.104
instant blocks,contract,16.413
instant blocks,contract,15.614
instant blocks,contract,15.825
instant blocks,contract,16.056
instant blocks,contract,15.922
instant blocks,contract,16.228
instant blocks,contract,15.687
instant blocks,contract,15.755
instant blocks,contract,15.688
instant blocks,contract,20.202
instant blocks,contract,16.806
instant blocks,contract,16.055
instant blocks,contract,15.84
instant blocks,contract,15.412
instant blocks,contract,16.5
instant blocks,contract,16.391
instant blocks,contract,16.558
instant blocks,contract,16.584
instant blocks,contract,16.13
instant blocks,contract,15.865
instant blocks,contract,16.3
instant blocks,contract,16.811
instant blocks,contract,16.325
instant blocks,contract,21.701
instant blocks,contract,17.289
instant blocks,contract,16.639
instant blocks,contract,16.552
instant blocks,contract,16.655
instant blocks,contract,15.787
instant blocks,contract,15.881
instant blocks,contract,15.759
instant blocks,contract,16.719
instant blocks,contract,18.193
instant blocks,contract,24.741
instant blocks,contract,17.74
instant blocks,contract,16.934
instant blocks,contract,17.721
instant blocks,contract,17.724
instant blocks,contract,17.19
instant blocks,contract,18.127
instant blocks,contract,16.87
instant blocks,contract,16.902
instant blocks,contract,16.726
instant blocks,contract,16.625
instant blocks,contract,43.078
instant blocks,contract,17.614
instant blocks,contract,17.122
instant blocks,contract,17.116
instant blocks,contract,17.869
instant blocks,contract,18.599
instant blocks,contract,20.462
instant blocks,contract,19.461
instant blocks,contract,26.88
instant blocks,contract,20.794
instant blocks,contract,16.432
instant blocks,contract,16.175
instant blocks,contract,15.604
instant blocks,contract,15.757
instant blocks,contract,17.889
instant blocks,contract,16.547
instant blocks,contract,15.525
instant blocks,contract,16.398
instant blocks,contract,19.092
instant blocks,contract,18.375
instant blocks,contract,16.653
instant blocks,contract,15.89
instant blocks,contract,15.755
instant blocks,contract,30.472
instant blocks,contract,16.939
instant blocks,contract,15.818
instant blocks,contract,16.476
instant blocks,contract,29.612
instant blocks,contract,16.083
instant blocks,contract,30.354
instant blocks,contract,16.886
instant blocks,contract,16.019
instant blocks,contract,29.806
instant blocks,contract,31.812
instant blocks,contract,18.759
instant blocks,contract,19.465
instant blocks,contract,17.488
instant blocks,contract,15.586
instant blocks,contract,28.591
instant blocks,contract,15.916
instant blocks,contract,28.772
instant blocks,contract,17.625
instant blocks,contract,29.832
instant blocks,contract,18.048
instant blocks,contract,17.663
instant blocks,contract,17.352
instant blocks,contract,30.292
instant blocks,contract,19.696
instant blocks,contract,18.497
instant blocks,contract,39.649
instant blocks,contract,26.042
instant blocks,contract,28.669
instant blocks,contract,17.762
instant blocks,contract,17.157
instant blocks,contract,33.277
instant blocks,contract,17.682
instant blocks,contract,16.481
instant blocks,contract,16.504
instant blocks,contract,16.161
instant blocks,contract,18.01
instant blocks,contract,29.185
instant blocks,contract,16.252
instant blocks,contract,29.677
instant blocks,contract,29.052
instant blocks,contract,28.187
instant blocks,contract,18.7
instant blocks,contract,16.48
instant blocks,contract,18.208
instant blocks,contract,16.459
instant blocks,contract,16.726
instant blocks,contract,30.552
instant blocks,contract,18.469
instant blocks,contract,19.442
instant blocks,contract,17.326
instant blocks,contract,15.782
instant blocks,contract,29.233
instant blocks,contract,17.052
instant blocks,contract,15.619
instant blocks,contract,56.005
instant blocks,contract,31.223
instant blocks,contract,17.339
instant blocks,contract,28.288
instant blocks,contract,32.06
instant blocks,contract,35.637
instant blocks,contract,28.774
instant blocks,contract,15.853
instant blocks,contract,29.386
instant blocks,contract,29.022
instant blocks,contract,31.468
instant blocks,contract,32.61
instant blocks,contract,35.517
instant blocks,contract,37.575
instant blocks,contract,26.503
instant blocks,contract,31.066
instant blocks,contract,30.084
instant blocks,contract,29.886
instant blocks,contract,29.314
instant blocks,contract,31.359
instant blocks,contract,20.823
instant blocks,contract,20.237
instant blocks,contract,19.286
instant blocks,contract,19.131
instant blocks,contract,21.096
instant blocks,contract,32.07
instant blocks,contract,16.044
instant blocks,contract,16.669
instant blocks,contract,15.814
instant blocks,contract,18.118
instant blocks,contract,15.725
instant blocks,contract,28.284
instant blocks,contract,16.433
instant blocks,contract,17.318
instant blocks,contract,17.535
instant blocks,contract,31.377
instant blocks,contract,19.832
instant blocks,contract,32.523
instant blocks,contract,32.547
instant blocks,contract,27.636
instant blocks,contract,29.973
instant blocks,contract,28.225
instant blocks,contract,16.152
instant blocks,contract,17.899
instant blocks,contract,30.826
instant blocks,contract,34.021
instant blocks,contract,32.777
instant blocks,contract,21.64
instant blocks,contract,21.125
instant blocks,contract,33.124
instant blocks,contract,29.435
instant blocks,contract,19.212
instant blocks,contract,16.84
instant blocks,contract,31.75
instant blocks,contract,16.67
instant blocks,contract,30.023
instant blocks,contract,35.191
instant blocks,contract,21.998
instant blocks,contract,36.654
instant blocks,contract,32.168
instant blocks,contract,16.03
instant blocks,contract,16.919
instant blocks,contract,18.485
instant blocks,contract,32.307
instant blocks,contract,17.054
instant blocks,contract,69.348
instant blocks,contract,44.886
instant blocks,contract,28.4
instant blocks,contract,19.447
instant blocks,contract,19.253
instant blocks,contract,31.73
instant blocks,contract,20.59
instant blocks,contract,28.858
instant blocks,contract,17.279
instant blocks,contract,23.653
instant blocks,contract,18.371
instant blocks,contract,19.225
instant blocks,contract,18.405
instant blocks,contract,21.025
instant blocks,contract,20.626
instant blocks,contract,18.085
instant blocks,contract,18.795
instant blocks,contract,16.536
instant blocks,contract,16.17
instant blocks,contract,17.179
instant blocks,contract,18.395
instant blocks,contract,16.069
instant blocks,contract,16.242
instant blocks,contract,21.769
instant blocks,contract,18.066
instant blocks,contract,17.005
instant blocks,contract,16.519
instant blocks,contract,17.371
instant blocks,contract,18.011
instant blocks,contract,17.433
instant blocks,contract,17.213
instant blocks,contract,21.086
instant blocks,contract,16.578
instant blocks,contract,16.391
instant blocks,contract,16.08
instant blocks,contract,16.066
instant blocks,contract,15.536
instant blocks,contract,16.182
instant blocks,contract,16.475
"contract, 1 s blocks",contract,975.694
"contract, 1 s blocks",contract,999.514
"contract, 1 s blocks",contract,977.789
"contract, 1 s blocks",contract,975.818
"contract, 1 s blocks",contract,999.513
"contract, 1 s blocks",contract,969.587
"contract, 1 s blocks",contract,981.038
"contract, 1 s blocks",contract,983.174
"contract, 1 s blocks",contract,982.001
"contract, 1 s blocks",contract,982.794
"contract, 1 s blocks",contract,985.178
"contract, 1 s blocks",contract,987.938
"contract, 1 s blocks",contract,992.313
"contract, 1 s blocks",contract,963.038
"contract, 1 s blocks",contract,997.375
"contract, 1 s blocks",contract,969.128
"contract, 1 s blocks",contract,993.149
"contract, 1 s blocks",contract,984.281
"contract, 1 s blocks",contract,992.708
"contract, 1 s blocks",contract,977.811
